time,meas
1702374040.1040547,3752.0
1702374040.312025,3752.0
1702374040.5199897,3752.0
1702374040.7279692,3751.0
1702374040.9359472,3752.0