time,meas
1702374040.1313677,9853.0
1702374040.339142,9853.0
1702374040.5469048,9802.0
1702374040.7546558,9803.0
1702374040.962395,9803.0