cam_id,fx,fy,cx,cy
CAM1,388.0472148,388.3651136,327.5759548,244.2966786
CAM3,387.5046303,387.6923004,334.4870078,241.9182859
